{"cameraMode":{"drawMode":0,"name":"Shaded","section":"Shading Mode"},"sceneLighting":true,"audioPlay":false,"sceneViewState":{"showFog":true,"showMaterialUpdate":true,"showSkybox":true,"showFlares":true,"showImageEffects":true,"showParticleSystems":true},"in2DMode":false,"pivot":{"x":15.26498031616211,"y":-1.1132745742797852,"z":-7.002810955047607},"rotation":{"x":0.05438116937875748,"y":0.8410494923591614,"z":-0.08608820289373398,"w":0.5312883853912354},"size":30.66855812072754,"orthographic":false}