{"cameraMode":{"drawMode":0,"name":"Shaded","section":"Shading Mode"},"sceneLighting":true,"audioPlay":false,"sceneViewState":{"showFog":true,"showMaterialUpdate":true,"showSkybox":true,"showFlares":true,"showImageEffects":true,"showParticleSystems":true},"in2DMode":false,"pivot":{"x":-1.927821159362793,"y":-0.8920505046844482,"z":1.4604911804199219},"rotation":{"x":-0.1455632597208023,"y":-0.498123437166214,"z":0.08525010198354721,"w":-0.8505391478538513},"size":13.779891014099121,"orthographic":false}