{"cameraMode":{"drawMode":0,"name":"Shaded","section":"Shading Mode"},"sceneLighting":true,"audioPlay":false,"sceneViewState":{"showFog":true,"showMaterialUpdate":true,"showSkybox":true,"showFlares":true,"showImageEffects":true,"showParticleSystems":true},"in2DMode":false,"pivot":{"x":2.441020965576172,"y":5.621600151062012,"z":-11.499652862548829},"rotation":{"x":-0.004182449076324701,"y":0.9957957863807678,"z":-0.0613190196454525,"w":-0.06792078912258148},"size":50.63348388671875,"orthographic":false}