{"cameraMode":{"drawMode":0,"name":"Shaded","section":"Shading Mode"},"sceneLighting":true,"audioPlay":false,"sceneViewState":{"showFog":true,"showMaterialUpdate":true,"showSkybox":true,"showFlares":true,"showImageEffects":true,"showParticleSystems":true},"in2DMode":false,"pivot":{"x":-1.4741771221160889,"y":2.343984365463257,"z":-1.3707294464111329},"rotation":{"x":-0.0009960473980754614,"y":0.9988777041435242,"z":-0.040476925671100619,"w":-0.02457941137254238},"size":11.052007675170899,"orthographic":false}