{"cameraMode":{"drawMode":0,"name":"Shaded","section":"Shading Mode"},"sceneLighting":true,"audioPlay":false,"sceneViewState":{"showFog":true,"showMaterialUpdate":true,"showSkybox":true,"showFlares":true,"showImageEffects":true,"showParticleSystems":true},"in2DMode":false,"pivot":{"x":-1.412656307220459,"y":2.74367094039917,"z":-12.785510063171387},"rotation":{"x":-0.03404014930129051,"y":-0.9617776274681091,"z":0.14093565940856934,"w":-0.2322978675365448},"size":19.18163299560547,"orthographic":false}